"","SITE","BLOCK","CULT","PLOT","TRT","EU","sev","audps","raudps","naudps","omega","t50"
"1","CL22","A","TURBO","107","10","CL22:107",17,576.62,9.45,0.106,0.5,91
"2","CL22","A","SH 7200","108","7","CL22:108",7,273.88,4.49,0.05,0.14,92
"3","CL22","A","Hilliard","109","11","CL22:109",14,383.25,6.28,0.071,0.51,93
"4","CL22","A","DG 9070","207","2","CL22:207",7,191.62,3.14,0.035,0.24,96
"5","CL22","A","DG 9120","208","1","CL22:208",6,169.3,2.78,0.031,0.1,108
"6","CL22","A","USG 3230","209","8","CL22:209",7,174.88,2.87,0.032,0.14,112
"7","CL22","A","AGS 2024","307","5","CL22:307",4,96.8,1.59,0.018,0.17,117
"8","CL22","A","Agrimaxx 513","308","3","CL22:308",3.5,91.19,1.49,0.017,0.22,104
"9","CL22","A","SY Richie","309","6","CL22:309",8,216,3.54,0.04,0.15,105
"10","CL22","A","SH 4400","407","12","CL22:407",8,202.75,3.32,0.037,0.15,105
"11","CL22","A","DG 9701","408","4","CL22:408",6,147,2.41,0.027,0.41,109
"12","CL22","A","LW2068","409","9","CL22:409",7,174.88,2.87,0.032,0.22,104
"13","CL22","B","SH 4400","607","12","CL22:607",10,247.5,4.06,0.046,0.16,96
"14","CL22","B","Hilliard","608","11","CL22:608",10,256.75,4.21,0.047,0.27,91
"15","CL22","B","Agrimaxx 513","609","3","CL22:609",6.5,163.81,2.69,0.03,0.5,103
"16","CL22","B","DG 9120","707","1","CL22:707",14,420.25,6.89,0.077,0.51,93
"17","CL22","B","DG 9070","708","2","CL22:708",12,286.5,4.7,0.053,0.49,106
"18","CL22","B","USG 3230","709","8","CL22:709",5,122.92,2.02,0.023,0.4,123
"19","CL22","B","SH 7200","807","7","CL22:807",10,345.75,5.67,0.064,0.31,100
"20","CL22","B","DG 9701","808","4","CL22:808",7,197.38,3.24,0.036,0.24,96
"21","CL22","B","AGS 2024","809","5","CL22:809",10,293.75,4.82,0.054,0.5,103
"22","CL22","B","TURBO","907","10","CL22:907",15,465.38,7.63,0.086,0.31,100
"23","CL22","B","SY Richie","908","6","CL22:908",12,266.25,4.36,0.049,0.2,109
"24","CL22","B","LW2068","909","9","CL22:909",10,245.75,4.03,0.045,0.17,100
"25","CL22","A","Jamestown","1001","13","CL22:1001",7,271.38,4.45,0.05,0.55,96
"26","CL22","A","SY 547","1002","16","CL22:1002",4,108,1.77,0.02,0.09,117
"27","CL22","A","Agrimaxx 492","1003","17","CL22:1003",12,346,5.67,0.064,0.22,96
"28","CL22","A","USG 3118","1004","14","CL22:1004",6,212.25,3.48,0.039,0.17,100
"29","CL22","A","DG Shirley","1005","15","CL22:1005",4,131.5,2.16,0.024,0.36,105
"30","CL22","B","Agrimaxx 492","1006","17","CL22:1006",10,272.25,4.46,0.05,0.48,100
"31","CL22","B","DG Shirley","1007","15","CL22:1007",5,178.62,2.93,0.033,0.24,96
"32","CL22","B","SY 547","1008","16","CL22:1008",3,89.38,1.47,0.016,0.17,117
"33","CL22","B","Jamestown","1009","13","CL22:1009",12,342.5,5.61,0.063,0.27,91
"34","CL22","B","USG 3118","1010","14","CL22:1010",8,219.5,3.6,0.04,0.41,109
"35","RW22","A","Hilliard","107","11","RW22:107",8,180.33,3.28,0.039,0.22,114
"36","RW22","A","USG 3230","108","8","RW22:108",3,67.6,1.23,0.014,0.14,130
"37","RW22","A","AGS 2024","109","5","RW22:109",4,91.57,1.66,0.02,0.35,123
"38","RW22","A","SH 7200","207","7","RW22:207",10,201.67,3.67,0.043,0.4,119
"39","RW22","A","SY Richie","208","6","RW22:208",8,161.33,2.93,0.035,0.35,123
"40","RW22","A","DG 9120","209","1","RW22:209",3,70,1.27,0.015,0.35,123
"41","RW22","A","DG 9701","307","4","RW22:307",2,59.33,1.08,0.013,0.08,133
"42","RW22","A","LW2068","308","9","RW22:308",10,201.67,3.67,0.043,0.42,113
"43","RW22","A","SH 4400","309","12","RW22:309",12,270.5,4.92,0.058,0.22,114
"44","RW22","A","Agrimaxx 513","407","3","RW22:407",5,114.13,2.08,0.024,0.15,120
"45","RW22","A","TURBO","408","10","RW22:408",2,53.13,0.97,0.011,0.14,130
"46","RW22","A","DG 9070","409","2","RW22:409",1.7,43.78,0.8,0.009,0.31,127
"47","RW22","B","SH 7200","607","7","RW22:607",8,163.23,2.97,0.035,0.4,119
"48","RW22","B","DG 9070","608","2","RW22:608",2,49.33,0.9,0.011,0.04,150
"49","RW22","B","SY Richie","609","6","RW22:609",6,128.35,2.33,0.027,0.11,120
"50","RW22","B","USG 3230","707","8","RW22:707",7,143.07,2.6,0.031,0.35,123
"51","RW22","B","DG 9701","708","4","RW22:708",2,63.13,1.15,0.014,0.08,133
"52","RW22","B","SH 4400","709","12","RW22:709",10,220.67,4.01,0.047,0.42,113
"53","RW22","B","Hilliard","807","11","RW22:807",10,220.67,4.01,0.047,0.22,114
"54","RW22","B","AGS 2024","808","5","RW22:808",6,133.8,2.43,0.029,0.41,119
"55","RW22","B","Agrimaxx 513","809","3","RW22:809",3.5,80.08,1.46,0.017,0.35,123
"56","RW22","B","DG 9120","907","1","RW22:907",4,86.12,1.57,0.018,0.32,123
"57","RW22","B","LW2068","908","9","RW22:908",12,243.9,4.43,0.052,0.42,113
"58","RW22","B","TURBO","909","10","RW22:909",4,84.47,1.54,0.018,0.35,123
"59","RW22","A","DG Shirley","1001","15","RW22:1001",4,111.72,2.03,0.024,0.15,120
"60","RW22","A","Jamestown","1002","13","RW22:1002",12,273.8,4.98,0.059,0.5,108
"61","RW22","A","USG 3118","1003","14","RW22:1003",2,51.48,0.94,0.011,0.14,130
"62","RW22","A","Agrimaxx 492","1004","17","RW22:1004",6,200.3,3.64,0.043,0.18,109
"63","RW22","A","SY 547","1005","16","RW22:1005",1.5,54.95,1,0.012,0.08,133
"64","RW22","B","SY 547","1006","16","RW22:1006",1,29.67,0.54,0.006,0.31,127
"65","RW22","B","Jamestown","1007","13","RW22:1007",10,222.57,4.05,0.048,0.5,108
"66","RW22","B","DG Shirley","1008","15","RW22:1008",6,136.2,2.48,0.029,0.31,127
"67","RW22","B","Agrimaxx 492","1009","17","RW22:1009",4,99.67,1.81,0.021,0.22,114
"68","RW22","B","USG 3118","1010","14","RW22:1010",2.7,63.45,1.15,0.014,0.35,123
"69","SB22","A","LW2068","107","9","SB22:107",15,647.88,9.39,0.095,0.54,94
"70","SB22","A","USG 3230","108","8","SB22:108",10,372.75,5.4,0.055,0.19,112
"71","SB22","A","Agrimaxx 513","109","3","SB22:109",10,331.75,4.81,0.049,0.15,109
"72","SB22","A","SY Richie","207","6","SB22:207",8,255.5,3.7,0.037,0.19,112
"73","SB22","A","DG 9701","208","4","SB22:208",15,581.88,8.43,0.085,0.2,103
"74","SB22","A","DG 9120","209","1","SB22:209",17,698.12,10.12,0.102,0.33,91
"75","SB22","A","DG 9070","307","2","SB22:307",8,424,6.14,0.062,0.47,97
"76","SB22","A","SH 4400","308","12","SB22:308",6,467,6.77,0.068,0.54,91
"77","SB22","A","TURBO","309","10","SB22:309",10,516.75,7.49,0.076,0.47,97
"78","SB22","A","AGS 2024","407","5","SB22:407",7,346.88,5.03,0.051,0.2,103
"79","SB22","A","SH 7200","408","7","SB22:408",15,413.38,5.99,0.061,0.19,112
"80","SB22","A","Hilliard","409","11","SB22:409",17,391.12,5.67,0.057,0.19,118
"81","SB22","B","TURBO","607","10","SB22:607",12,482,6.99,0.071,0.47,97
"82","SB22","B","DG 9070","608","2","SB22:608",12,416,6.03,0.061,0.54,102
"83","SB22","B","SH 4400","609","12","SB22:609",17,571.62,8.28,0.084,0.45,100
"84","SB22","B","DG 9120","707","1","SB22:707",10,423.75,6.14,0.062,0.18,89
"85","SB22","B","Agrimaxx 513","708","3","SB22:708",6,232.75,3.37,0.034,0.2,103
"86","SB22","B","DG 9701","709","4","SB22:709",17,744.62,10.79,0.109,0.54,94
"87","SB22","B","SY Richie","807","6","SB22:807",10,348.25,5.05,0.051,0.15,109
"88","SB22","B","Hilliard","808","11","SB22:808",8,206.25,2.99,0.03,0.41,119
"89","SB22","B","LW2068","809","9","SB22:809",6,347.75,5.04,0.051,0.47,97
"90","SB22","B","AGS 2024","907","5","SB22:907",6,236.75,3.43,0.035,0.15,109
"91","SB22","B","USG 3230","908","8","SB22:908",5,196.62,2.85,0.029,0.41,119
"92","SB22","B","SH 7200","909","7","SB22:909",17,566.62,8.21,0.083,0.17,97
"93","SB22","A","Jamestown","1001","13","SB22:1001",20,602.45,8.73,0.088,0.43,107
"94","SB22","A","USG 3118","1002","14","SB22:1002",15,556.88,8.07,0.082,0.54,102
"95","SB22","A","DG Shirley","1003","15","SB22:1003",10,368.5,5.34,0.054,0.54,102
"96","SB22","A","SY 547","1004","16","SB22:1004",4.5,273.31,3.96,0.04,0.36,97
"97","SB22","A","Agrimaxx 492","1005","17","SB22:1005",17,677.62,9.82,0.099,0.33,91
"98","SB22","B","USG 3118","1006","14","SB22:1006",10,401.75,5.82,0.059,0.54,102
"99","SB22","B","Jamestown","1007","13","SB22:1007",15,507.88,7.36,0.074,0.47,97
"100","SB22","B","SY 547","1008","16","SB22:1008",8,305,4.42,0.045,0.38,97
"101","SB22","B","DG Shirley","1009","15","SB22:1009",6,232.75,3.37,0.034,0.19,112
"102","SB22","B","Agrimaxx 492","1010","17","SB22:1010",15,546.88,7.93,0.08,0.54,94
"103","MR22","A","USG 3230","107","8","MR22:107",2,58,0.83,0.008,0.07,152
"104","MR22","A","DG 9120","108","1","MR22:108",3,102.6,1.47,0.014,0.13,123
"105","MR22","A","Hilliard","109","11","MR22:109",3.5,120.03,1.71,0.016,0.08,129
"106","MR22","A","Agrimaxx 513","207","3","MR22:207",2,67.75,0.97,0.009,0.07,152
"107","MR22","A","DG 9070","208","2","MR22:208",3,71.4,1.02,0.01,0.15,135
"108","MR22","A","AGS 2024","209","5","MR22:209",5,139.15,1.99,0.019,0.19,120
"109","MR22","A","LW2068","307","9","MR22:307",3,90.9,1.3,0.012,0.17,129
"110","MR22","A","SH 4400","308","12","MR22:308",7,208.85,2.98,0.028,0.19,120
"111","MR22","A","DG 9701","309","4","MR22:309",4,110.15,1.57,0.015,0.12,131
"112","MR22","A","TURBO","407","10","MR22:407",8,193,2.76,0.026,0.41,121
"113","MR22","A","SH 7200","408","7","MR22:408",4.5,201.62,2.88,0.027,0.08,118
"114","MR22","A","SY Richie","409","6","MR22:409",2,58,0.83,0.008,0.07,152
"115","MR22","B","DG 9070","607","2","MR22:607",2,54.1,0.77,0.007,0.15,135
"116","MR22","B","LW2068","608","9","MR22:608",3,88.95,1.27,0.012,0.13,123
"117","MR22","B","Hilliard","609","11","MR22:609",2,77.5,1.11,0.01,0.07,152
"118","MR22","B","SH 4400","707","12","MR22:707",8,251.5,3.59,0.034,0.14,110
"119","MR22","B","SH 7200","708","7","MR22:708",5,166.45,2.38,0.022,0.4,117
"120","MR22","B","Agrimaxx 513","709","3","MR22:709",1.5,42.52,0.61,0.006,0.07,152
"121","MR22","B","TURBO","807","10","MR22:807",3,67.5,0.96,0.009,0.15,135
"122","MR22","B","AGS 2024","808","5","MR22:808",5,125.5,1.79,0.017,0.42,125
"123","MR22","B","DG 9120","809","1","MR22:809",4,139.4,1.99,0.019,0.13,123
"124","MR22","B","USG 3230","907","8","MR22:907",3,106.5,1.52,0.014,0.12,131
"125","MR22","B","SY Richie","908","6","MR22:908",4,145.25,2.08,0.019,0.09,117
"126","MR22","B","DG 9701","909","4","MR22:909",3,79.2,1.13,0.011,0.12,131
"127","MR22","A","DG Shirley","1001","15","MR22:1001",1.7,67.68,0.97,0.009,0.07,151
"128","MR22","A","USG 3118","1002","14","MR22:1002",4,148.67,2.12,0.02,0.08,130
"129","MR22","A","Agrimaxx 492","1003","17","MR22:1003",5,155.83,2.23,0.021,0.14,135
"130","MR22","A","SY 547","1004","16","MR22:1004",2,68.33,0.98,0.009,0.25,149
"131","MR22","A","Jamestown","1005","13","MR22:1005",5,230.83,3.3,0.031,0.33,117
"132","MR22","B","SY 547","1006","16","MR22:1006",1,30.95,0.44,0.004,0.07,152
"133","MR22","B","Jamestown","1007","13","MR22:1007",6,232.5,3.32,0.031,0.26,110
"134","MR22","B","DG Shirley","1008","15","MR22:1008",1,29,0.41,0.004,0.07,152
"135","MR22","B","USG 3118","1009","14","MR22:1009",4,135.5,1.94,0.018,0.41,121
"136","MR22","B","Agrimaxx 492","1010","17","MR22:1010",5,145,2.07,0.019,0.13,123
"137","PY22","A","SH 4400","107","12","PY22:107",3,120.8,1.59,0.016,0.12,117
"138","PY22","A","DG 9701","108","4","PY22:108",2.5,143.25,1.88,0.019,0.2,99
"139","PY22","A","AGS 2024","109","5","PY22:109",2.5,79.8,1.05,0.011,0.18,114
"140","PY22","A","DG 9070","207","2","PY22:207",4,115.15,1.52,0.015,0.16,119
"141","PY22","A","Hilliard","208","11","PY22:208",2,97.35,1.28,0.013,0.09,120
"142","PY22","A","DG 9120","209","1","PY22:209",2,93,1.22,0.012,0.06,121
"143","PY22","A","LW2068","307","9","PY22:307",0.3,5.3,0.1,0.001,0.32,124
"144","PY22","A","Agrimaxx 513","308","3","PY22:308",2,53.5,0.7,0.007,0.07,145
"145","PY22","A","SY Richie","309","6","PY22:309",3,100.2,1.32,0.013,0.43,107
"146","PY22","A","TURBO","407","10","PY22:407",4,107,1.41,0.014,0.42,114
"147","PY22","A","USG 3230","408","8","PY22:408",0.9,33.55,0.44,0.005,0.07,145
"148","PY22","A","SH 7200","409","7","PY22:409",2,83.75,1.1,0.011,0.07,145
"149","PY22","B","Agrimaxx 513","607","3","PY22:607",4,167.4,2.2,0.022,0.26,103
"150","PY22","B","Hilliard","608","11","PY22:608",6,192,2.53,0.026,0.42,114
"151","PY22","B","DG 9701","609","4","PY22:609",2.7,124.35,1.64,0.017,0.12,117
"152","PY22","B","USG 3230","707","8","PY22:707",1,42,0.55,0.006,0.05,150
"153","PY22","B","TURBO","708","10","PY22:708",5,130.35,1.72,0.018,0.42,114
"154","PY22","B","DG 9070","709","2","PY22:709",1.7,57.55,0.76,0.008,0.07,145
"155","PY22","B","DG 9120","807","1","PY22:807",1.7,39.28,0.76,0.01,0.48,107
"156","PY22","B","SH 7200","808","7","PY22:808",2,80.8,1.06,0.011,0.06,140
"157","PY22","B","SH 4400","809","12","PY22:809",4,131.8,1.73,0.018,0.42,114
"158","PY22","B","SY Richie","907","6","PY22:907",2,72.15,0.95,0.01,0.08,127
"159","PY22","B","AGS 2024","908","5","PY22:908",1.5,60.4,0.79,0.008,0.08,127
"160","PY22","B","LW2068","909","9","PY22:909",1.5,56.2,0.74,0.008,0.07,145
"161","PY22","A","DG Shirley","1001","15","PY22:1001",1.5,55.1,0.72,0.007,0.06,140
"162","PY22","A","USG 3118","1002","14","PY22:1002",2,59.3,0.78,0.008,0.2,124
"163","PY22","A","Agrimaxx 492","1003","17","PY22:1003",6,313,4.12,0.042,0.5,99
"164","PY22","A","SY 547","1004","16","PY22:1004",1.5,58.8,0.77,0.008,0.07,145
"165","PY22","A","Jamestown","1005","13","PY22:1005",7,334.5,4.4,0.045,0.49,95
"166","PY22","B","DG Shirley","1006","15","PY22:1006",7,238.2,3.13,0.032,0.45,103
"167","PY22","B","Jamestown","1007","13","PY22:1007",8,332.5,4.38,0.045,0.49,95
"168","PY22","B","SY 547","1008","16","PY22:1008",3,75,0.99,0.01,0.07,145
"169","PY22","B","USG 3118","1009","14","PY22:1009",4,179.25,2.36,0.024,0.18,114
"170","PY22","B","Agrimaxx 492","1010","17","PY22:1010",5,410,5.39,0.055,0.49,95
"171","KS22","A","LW2068","107","9","KS22:107",1,25.57,0.56,0.008,0.06,128
"172","KS22","A","SH 4400","108","12","KS22:108",1.5,39.25,0.85,0.012,0.38,108
"173","KS22","A","SH 7200","109","7","KS22:109",1,20.17,0.44,0.006,0.31,117
"174","KS22","A","DG 9070","207","2","KS22:207",1.2,27.8,0.6,0.009,0.31,117
"175","KS22","A","DG 9120","208","1","KS22:208",1.2,27.8,0.6,0.009,0.34,112
"176","KS22","A","USG 3230","209","8","KS22:209",0.4,8.07,0.18,0.003,0.31,117
"177","KS22","A","SY Richie","307","6","KS22:307",1.5,39.25,0.85,0.012,0.15,105
"178","KS22","A","TURBO","308","10","KS22:308",2,43.93,0.96,0.014,0.34,112
"179","KS22","A","Agrimaxx 513","309","3","KS22:309",1,20.17,0.44,0.006,0.31,117
"180","KS22","A","AGS 2024","407","5","KS22:407",1,20.17,0.44,0.006,0.31,117
"181","KS22","A","Hilliard","408","11","KS22:408",1.5,30.25,0.66,0.009,0.12,116
"182","KS22","A","DG 9701","409","4","KS22:409",2,58.33,1.27,0.018,0.06,128
"183","KS22","B","DG 9701","607","4","KS22:607",3,78.5,1.71,0.024,0.2,98
"184","KS22","B","SY Richie","608","6","KS22:608",1.5,30.25,0.66,0.009,0.34,112
"185","KS22","B","Hilliard","609","11","KS22:609",1.7,34.28,0.75,0.011,0.34,112
"186","KS22","B","LW2068","707","9","KS22:707",NA,NA,NA,NA,NA,NA
"187","KS22","B","TURBO","708","10","KS22:708",3,96.5,2.1,0.03,0.18,93
"188","KS22","B","DG 9070","709","2","KS22:709",1.7,34.28,0.75,0.011,0.34,112
"189","KS22","B","SH 4400","807","12","KS22:807",1,21.97,0.48,0.007,0.34,112
"190","KS22","B","DG 9120","808","1","KS22:808",2,58.33,1.27,0.018,0.11,100
"191","KS22","B","AGS 2024","809","5","KS22:809",1,29.17,0.63,0.009,0.06,128
"192","KS22","B","Agrimaxx 513","907","3","KS22:907",3,96.5,2.1,0.03,0.07,115
"193","KS22","B","USG 3230","908","8","KS22:908",0.3,9.65,0.21,0.003,0.31,117
"194","KS22","B","SH 7200","909","7","KS22:909",1.5,30.25,0.66,0.009,0.34,112
"195","KS22","A","Agrimaxx 492","1001","17","KS22:1001",2,49.33,1.07,0.015,0.15,105
"196","KS22","A","DG Shirley","1002","15","KS22:1002",2,40.33,0.88,0.013,0.4,104
"197","KS22","A","Jamestown","1003","13","KS22:1003",3,69.5,1.51,0.022,0.06,128
"198","KS22","A","SY 547","1004","16","KS22:1004",1.5,30.25,0.66,0.009,0.34,112
"199","KS22","A","USG 3118","1005","14","KS22:1005",1,20.17,0.44,0.006,0.31,117
"200","KS22","B","Agrimaxx 492","1006","17","KS22:1006",5,136.83,2.97,0.042,0.18,93
"201","KS22","B","DG Shirley","1007","15","KS22:1007",2,40.33,0.88,0.013,0.48,NA
"202","KS22","B","Jamestown","1008","13","KS22:1008",1,20.17,0.44,0.006,0.31,117
"203","KS22","B","SY 547","1009","16","KS22:1009",1.5,39.25,0.85,0.012,0.06,128
"204","KS22","B","USG 3118","1010","14","KS22:1010",1.2,24.2,0.53,0.008,0.31,117
"205","OX23","A","SY Richie","113","6","OX23:113",25,688.1,10.27,0.096,0.36,93
"206","OX23","A","SH 4400","114","12","OX23:114",30,709.7,10.59,0.099,0.27,96
"207","OX23","A","DG 9701","115","4","OX23:115",17,461,6.88,0.064,0.18,102
"208","OX23","A","SH 7200","116","7","OX23:116",30,783.67,11.7,0.109,0.18,91
"209","OX23","A","DG 9120","117","1","OX23:117",25,646,9.64,0.09,0.27,96
"210","OX23","A","USG 3230","118","8","OX23:118",25,590.1,8.81,0.082,0.45,104
"211","OX23","A","DG 9070","213","2","OX23:213",22,467.4,6.98,0.065,0.49,104
"212","OX23","A","TURBO","214","10","OX23:214",30,756.6,11.29,0.106,0.25,100
"213","OX23","A","Agrimaxx 513","215","3","OX23:215",25,581.7,8.68,0.081,0.53,98
"214","OX23","A","Hilliard","216","11","OX23:216",25,563.2,8.41,0.079,0.53,98
"215","OX23","A","AGS 2024","217","5","OX23:217",20,469.6,7.01,0.066,0.36,93
"216","OX23","A","LW2068","218","9","OX23:218",15,372.6,5.56,0.052,0.25,100
"217","OX23","B","Hilliard","313","11","OX23:313",15,395.1,5.9,0.055,0.15,104
"218","OX23","B","DG 9120","314","1","OX23:314",25,658.6,9.83,0.092,0.54,93
"219","OX23","B","SH 4400","315","12","OX23:315",18,439.02,6.55,0.061,0.12,99
"220","OX23","B","AGS 2024","316","5","OX23:316",23,575.19,8.58,0.08,0.19,98
"221","OX23","B","LW2068","317","9","OX23:317",20,453.5,6.77,0.063,0.27,96
"222","OX23","B","DG 9070","318","2","OX23:318",26,567.1,8.46,0.079,0.25,100
"223","OX23","B","USG 3230","413","8","OX23:413",17,468.4,6.99,0.065,0.27,96
"224","OX23","B","Agrimaxx 513","414","3","OX23:414",20,490.8,7.33,0.068,0.28,82
"225","OX23","B","DG 9701","415","4","OX23:415",27,679.82,10.15,0.095,0.18,97
"226","OX23","B","TURBO","416","10","OX23:416",30,819.08,12.23,0.114,0.4,85
"227","OX23","B","SH 7200","417","7","OX23:417",22,534.4,7.98,0.075,0.15,100
"228","OX23","B","SY Richie","418","6","OX23:418",25,588.27,8.78,0.082,0.27,96
"229","OX23","A","SY 547","1001","16","OX23:1001",12,306.1,4.57,0.043,0.23,104
"230","OX23","A","USG 3118","1002","14","OX23:1002",20,489.6,7.31,0.068,0.36,93
"231","OX23","A","Agrimaxx 492","1003","17","OX23:1003",27,815.6,12.17,0.114,0.29,92
"232","OX23","A","DG Shirley","1004","15","OX23:1004",25,686.6,10.25,0.096,0.36,93
"233","OX23","B","Agrimaxx 492","1005","17","OX23:1005",27,754.9,11.27,0.105,0.57,95
"234","OX23","B","SY 547","1006","16","OX23:1006",18,518.6,7.74,0.072,0.25,100
"235","OX23","B","USG 3118","1007","14","OX23:1007",22,601,8.97,0.084,0.58,90
"236","OX23","B","DG Shirley","1008","15","OX23:1008",20,634.52,9.47,0.089,0.21,95
"237","KS23","A","DG 9701","113","4","KS23:113",12,399.3,4.81,0.048,0.29,91
"238","KS23","A","DG 9120","114","1","KS23:114",10,343.5,4.14,0.041,0.54,87
"239","KS23","A","CP9606","115","9","KS23:115",8,233.95,2.82,0.028,0.23,96
"240","KS23","A","Hilliard","116","11","KS23:116",5,162.4,1.96,0.019,0.2,99
"241","KS23","A","SY Richie","117","6","KS23:117",12,353.1,4.25,0.042,0.55,89
"242","KS23","A","AGS 2024","118","5","KS23:118",10,388,4.67,0.046,0.14,81
"243","KS23","A","SH 4400","213","12","KS23:213",10,271.9,3.28,0.032,0.28,97
"244","KS23","A","Jamestown","214","8","KS23:214",12,476.1,5.74,0.057,0.26,84
"245","KS23","A","Agrimaxx 513","215","3","KS23:215",5,165.9,2,0.02,0.2,99
"246","KS23","A","DG 9070","216","2","KS23:216",8,292.3,3.52,0.035,0.39,94
"247","KS23","A","TURBO","217","10","KS23:217",17,478.6,5.77,0.057,0.29,91
"248","KS23","A","SH 7200","218","7","KS23:218",9,278.8,3.36,0.033,0.12,88
"249","KS23","B","TURBO","313","10","KS23:313",7,221.35,2.67,0.026,0.19,85
"250","KS23","B","DG 9070","314","2","KS23:314",6,164.65,1.98,0.02,0.15,104
"251","KS23","B","DG 9120","315","1","KS23:315",11,337.35,4.06,0.04,0.2,90
"252","KS23","B","SH 4400","316","12","KS23:316",6,167.2,2.01,0.02,0.25,104
"253","KS23","B","Agrimaxx 513","317","3","KS23:317",6,184.3,2.22,0.022,0.5,101
"254","KS23","B","Jamestown","318","8","KS23:318",15,540,6.51,0.064,0.23,77
"255","KS23","B","AGS 2024","413","5","KS23:413",8,226.4,2.73,0.027,0.14,88
"256","KS23","B","Hilliard","414","11","KS23:414",10,252.1,3.04,0.03,0.28,101
"257","KS23","B","SH 7200","415","7","KS23:415",6,216.3,2.61,0.026,0.11,100
"258","KS23","B","CP9606","416","9","KS23:416",8,250.15,3.01,0.03,0.28,97
"259","KS23","B","SY Richie","417","6","KS23:417",6,207.5,2.5,0.025,0.16,92
"260","KS23","B","DG 9701","418","4","KS23:418",10,302.5,3.64,0.036,0.14,81
"261","KS23","A","SY 547","1001","16","KS23:1001",8,312.9,3.77,0.037,0.26,84
"262","KS23","A","Agrimaxx 492","1002","17","KS23:1002",14,492.2,5.93,0.059,0.26,84
"263","KS23","A","DG Shirley","1003","15","KS23:1003",10,342.15,4.12,0.041,0.28,97
"264","KS23","A","USG 3118","1004","14","KS23:1004",8,236,2.84,0.028,0.29,91
"265","KS23","B","USG 3118","1005","14","KS23:1005",8,232.95,2.81,0.028,0.2,90
"266","KS23","B","Agrimaxx 492","1006","17","KS23:1006",14,448.3,5.4,0.053,0.34,89
"267","KS23","B","DG Shirley","1007","15","KS23:1007",10,324.6,3.91,0.039,0.19,85
"268","KS23","B","SY 547","1008","16","KS23:1008",5,135.65,1.63,0.016,0.21,94
"269","PY23","A","SH 4400","113","12","PY23:113",7,244,2.87,0.025,0.09,116
"270","PY23","A","DG 9070","114","2","PY23:114",8,283,3.33,0.029,0.44,101
"271","PY23","A","Agrimaxx 513","115","3","PY23:115",10,286.22,3.37,0.03,0.19,117
"272","PY23","A","TURBO","116","10","PY23:116",10,357.95,4.21,0.037,0.27,99
"273","PY23","A","SH 7200","117","7","PY23:117",12,477.25,5.61,0.049,0.39,96
"274","PY23","A","Hilliard","118","11","PY23:118",7,225.4,2.65,0.023,0.47,103
"275","PY23","A","DG 9120","213","1","PY23:213",8,301.4,3.55,0.031,0.53,91
"276","PY23","A","AGS 2024","214","5","PY23:214",12,345.12,4.06,0.036,0.52,101
"277","PY23","A","SY Richie","215","6","PY23:215",14,452.64,5.33,0.047,0.52,101
"278","PY23","A","DG 9701","216","4","PY23:216",12,379,4.46,0.039,0.5,98
"279","PY23","A","LW2068","217","9","PY23:217",9,243.4,2.86,0.025,0.15,113
"280","PY23","A","USG 3230","218","8","PY23:218",7,205.4,2.42,0.021,0.25,112
"281","PY23","B","SH 4400","313","12","PY23:313",8,273,3.21,0.028,0.47,103
"282","PY23","B","DG 9701","314","4","PY23:314",14,424.75,5,0.044,0.52,101
"283","PY23","B","SH 7200","315","7","PY23:315",16,542.95,6.39,0.056,0.57,94
"284","PY23","B","LW2068","316","9","PY23:316",12,318.85,3.75,0.033,0.21,107
"285","PY23","B","SY Richie","317","6","PY23:317",12,394.5,4.64,0.041,0.51,98
"286","PY23","B","DG 9120","318","1","PY23:318",10,377.95,4.45,0.039,0.39,96
"287","PY23","B","TURBO","413","10","PY23:413",8,284.16,3.34,0.029,0.24,103
"288","PY23","B","DG 9070","414","2","PY23:414",7,236.25,2.78,0.024,0.21,107
"289","PY23","B","Hilliard","415","11","PY23:415",6,217.25,2.56,0.022,0.51,98
"290","PY23","B","AGS 2024","416","5","PY23:416",10,279.85,3.29,0.029,0.15,115
"291","PY23","B","Agrimaxx 513","417","3","PY23:417",10,265.5,3.12,0.027,0.21,107
"292","PY23","B","USG 3230","418","8","PY23:418",10,376.5,4.43,0.039,0.52,101
"293","PY23","A","SY 547","1001","16","PY23:1001",7,248.5,2.92,0.026,0.52,101
"294","PY23","A","Agrimaxx 492","1002","17","PY23:1002",15,532.95,6.27,0.055,0.57,94
"295","PY23","A","DG Shirley","1003","15","PY23:1003",8,247.5,2.91,0.026,0.21,107
"296","PY23","A","USG 3118","1004","14","PY23:1004",10,326.95,3.85,0.034,0.47,103
"297","PY23","B","Agrimaxx 492","1005","17","PY23:1005",10,439.1,5.17,0.045,0.53,91
"298","PY23","B","USG 3118","1006","14","PY23:1006",12,394.5,4.64,0.041,0.51,98
"299","PY23","B","SY 547","1007","16","PY23:1007",6,206.4,2.43,0.021,0.25,112
"300","PY23","B","DG Shirley","1008","15","PY23:1008",8,323,3.8,0.033,0.52,101
"301","UN23","A","SH 4400","113","12","UN23:113",16,405.7,5.27,0.054,0.58,91
"302","UN23","A","AGS 2024","114","5","UN23:114",7,168.9,2.19,0.022,0.43,119
"303","UN23","A","DG 9070","115","2","UN23:115",12,249.15,3.24,0.033,0.2,109
"304","UN23","A","DG 9701","116","4","UN23:116",16,389.6,5.06,0.052,0.58,91
"305","UN23","A","CP9606","117","9","UN23:117",17,356.6,4.63,0.047,0.14,100
"306","UN23","A","SH 7200","118","7","UN23:118",8,152.75,1.98,0.02,0.29,122
"307","UN23","A","SY Richie","213","6","UN23:213",10,206.6,2.68,0.027,0.2,109
"308","UN23","A","Agrimaxx 513","214","3","UN23:214",10,225.5,2.93,0.03,0.13,103
"309","UN23","A","TURBO","215","10","UN23:215",7,242.4,3.15,0.032,0.12,91
"310","UN23","A","Hilliard","216","11","UN23:216",10,205.2,2.66,0.027,0.15,105
"311","UN23","A","DG 9120","217","1","UN23:217",8,242.6,3.15,0.032,0.18,88
"312","UN23","A","Jamestown","218","8","UN23:218",20,566.2,7.35,0.075,0.6,85
"313","UN23","B","SH 7200","313","7","UN23:313",NA,NA,NA,NA,NA,NA
"314","UN23","B","DG 9120","314","1","UN23:314",NA,NA,NA,NA,NA,NA
"315","UN23","B","CP9606","315","9","UN23:315",NA,NA,NA,NA,NA,NA
"316","UN23","B","Jamestown","316","8","UN23:316",NA,NA,NA,NA,NA,NA
"317","UN23","B","SY Richie","317","6","UN23:317",NA,NA,NA,NA,NA,NA
"318","UN23","B","TURBO","318","10","UN23:318",NA,NA,NA,NA,NA,NA
"319","UN23","B","AGS 2024","413","5","UN23:413",8,157.2,2.04,0.021,0.14,110
"320","UN23","B","DG 9070","414","2","UN23:414",12,279.1,3.62,0.037,0.17,93
"321","UN23","B","Hilliard","415","11","UN23:415",8,191.3,2.48,0.025,0.46,97
"322","UN23","B","Agrimaxx 513","416","3","UN23:416",12,357.75,4.65,0.047,0.5,94
"323","UN23","B","SH 4400","417","12","UN23:417",10,215.35,2.8,0.029,0.2,109
"324","UN23","B","DG 9701","418","4","UN23:418",13,356.95,4.64,0.047,0.18,95
"325","UN23","A","SY 547","1001","16","UN23:1001",10,268.4,3.49,0.036,0.18,83
"326","UN23","A","DG Shirley","1002","15","UN23:1002",12,292.8,3.8,0.039,0.5,94
"327","UN23","A","USG 3118","1003","14","UN23:1003",8,199.58,2.59,0.026,0.25,105
"328","UN23","A","Agrimaxx 492","1004","17","UN23:1004",20,559.35,7.26,0.074,0.24,92
"329","UN23","B","SY 547","1005","16","UN23:1005",12,233.05,3.03,0.031,0.4,112
"330","UN23","B","USG 3118","1006","14","UN23:1006",6,164.6,2.14,0.022,0.25,105
"331","UN23","B","DG Shirley","1007","15","UN23:1007",8,230,2.99,0.03,0.21,100
"332","UN23","B","Agrimaxx 492","1008","17","UN23:1008",20,607.5,7.89,0.081,0.14,80
"333","SB23","A","DG 9120","113","1","SB23:113",35,1126.22,14.26,0.143,0.26,80
"334","SB23","A","DG 9701","114","4","SB23:114",33,1026.75,13,0.13,0.63,83
"335","SB23","A","DG 9070","115","2","SB23:115",25,856.73,10.84,0.108,0.53,87
"336","SB23","A","TURBO","116","10","SB23:116",22,665.33,8.42,0.084,0.63,83
"337","SB23","A","SH 7200","117","7","SB23:117",28,870.63,11.02,0.11,0.63,83
"338","SB23","A","SY Richie","118","6","SB23:118",25,827.83,10.48,0.105,0.53,87
"339","SB23","A","Agrimaxx 513","213","3","SB23:213",20,703.67,8.91,0.089,0.53,87
"340","SB23","A","LW2068","214","9","SB23:214",20,667.17,8.45,0.084,0.53,87
"341","SB23","A","AGS 2024","215","5","SB23:215",40,1212.33,15.35,0.153,0.5,96
"342","SB23","A","USG 3230","216","8","SB23:216",17,507.42,6.42,0.064,0.53,87
"343","SB23","A","Hilliard","217","11","SB23:217",29,1077.92,13.64,0.136,0.51,91
"344","SB23","A","SH 4400","218","12","SB23:218",33,1112.55,14.08,0.141,0.53,83
"345","SB23","B","SY Richie","313","6","SB23:313",20,586.17,7.42,0.074,0.53,87
"346","SB23","B","Agrimaxx 513","314","3","SB23:314",17,454.42,5.75,0.058,0.53,87
"347","SB23","B","TURBO","315","10","SB23:315",24,823,10.42,0.104,0.53,87
"348","SB23","B","DG 9701","316","4","SB23:316",33,1085.75,13.74,0.137,0.63,83
"349","SB23","B","DG 9120","317","1","SB23:317",37,1155.58,14.63,0.146,0.63,83
"350","SB23","B","AGS 2024","318","5","SB23:318",38,1093.17,13.84,0.138,0.53,87
"351","SB23","B","LW2068","413","9","SB23:413",18,549,6.95,0.069,0.53,87
"352","SB23","B","SH 7200","414","7","SB23:414",27,881.9,11.16,0.112,0.53,87
"353","SB23","B","SH 4400","415","12","SB23:415",30,929,11.76,0.118,0.53,87
"354","SB23","B","USG 3230","416","8","SB23:416",22,770.33,9.75,0.098,0.63,83
"355","SB23","B","DG 9070","417","2","SB23:417",27,815.25,10.32,0.103,0.53,87
"356","SB23","B","Hilliard","418","11","SB23:418",30,1117.5,14.15,0.141,0.53,87
"357","SB23","A","DG Shirley","1001","15","SB23:1001",17,551.42,6.98,0.07,0.54,94
"358","SB23","A","Agrimaxx 492","1002","17","SB23:1002",37,1340.08,16.96,0.17,0.53,87
"359","SB23","A","USG 3118","1003","14","SB23:1003",30,718.5,9.09,0.091,0.54,94
"360","SB23","A","SY 547","1004","16","SB23:1004",20,573.67,7.26,0.073,0.54,94
"361","SB23","B","Agrimaxx 492","1005","17","SB23:1005",40,1281.33,16.22,0.162,0.63,83
"362","SB23","B","SY 547","1006","16","SB23:1006",13,423.58,5.36,0.054,0.51,91
"363","SB23","B","USG 3118","1007","14","SB23:1007",30,734.5,9.3,0.093,0.5,96
"364","SB23","B","DG Shirley","1008","15","SB23:1008",25,742.08,9.39,0.094,0.51,91
"365","LB23","A","AGS 2024","113","5","LB23:113",8,246.6,4.65,0.053,0.25,75
"366","LB23","A","SH 7200","114","7","LB23:114",12,301.75,5.69,0.065,0.24,77
"367","LB23","A","Hilliard","115","11","LB23:115",5,125.62,2.37,0.027,0.35,96
"368","LB23","A","Agrimaxx 513","116","3","LB23:116",5,128.15,2.42,0.028,0.52,90
"369","LB23","A","DG 9701","117","4","LB23:117",8,204.5,3.86,0.044,0.59,84
"370","LB23","A","TURBO","118","10","LB23:118",8,189.05,3.57,0.041,0.15,89
"371","LB23","A","SH 4400","213","12","LB23:213",5,127.62,2.41,0.028,0.17,95
"372","LB23","A","DG 9070","214","2","LB23:214",7,160.38,3.03,0.035,0.53,93
"373","LB23","A","Jamestown","215","8","LB23:215",20,404.5,7.63,0.088,0.59,87
"374","LB23","A","DG 9120","216","1","LB23:216",5,142.18,2.68,0.031,0.2,79
"375","LB23","A","SY Richie","217","6","LB23:217",4,126.53,2.39,0.027,0.59,87
"376","LB23","A","CP9606","218","9","LB23:218",7,190.88,3.6,0.041,0.59,87
"377","LB23","B","DG 9120","313","1","LB23:313",5,135.62,2.56,0.029,0.33,90
"378","LB23","B","SH 7200","314","7","LB23:314",10,232.5,4.39,0.05,0.25,87
"379","LB23","B","SY Richie","315","6","LB23:315",6,141.8,2.68,0.031,0.29,90
"380","LB23","B","CP9606","316","9","LB23:316",6,178.25,3.36,0.039,0.59,87
"381","LB23","B","Agrimaxx 513","317","3","LB23:317",4,131,2.47,0.028,0.53,93
"382","LB23","B","DG 9070","318","2","LB23:318",6,128.75,2.43,0.028,0.59,87
"383","LB23","B","SH 4400","413","12","LB23:413",4,120,2.26,0.026,0.3,90
"384","LB23","B","Hilliard","414","11","LB23:414",4,81.5,1.54,0.018,0.35,96
"385","LB23","B","TURBO","415","10","LB23:415",3,93.88,1.77,0.02,0.59,84
"386","LB23","B","AGS 2024","416","5","LB23:416",7,192.62,3.63,0.042,0.59,84
"387","LB23","B","DG 9701","417","4","LB23:417",9,225.12,4.25,0.049,0.52,90
"388","LB23","B","Jamestown","418","8","LB23:418",17,393.68,7.43,0.085,0.59,84
"389","LB23","A","Agrimaxx 492","1001","17","LB23:1001",12,291.05,5.49,0.063,0.59,84
"390","LB23","A","SY 547","1002","16","LB23:1002",3,64.38,1.21,0.014,0.35,96
"391","LB23","A","DG Shirley","1003","15","LB23:1003",8,153.5,2.9,0.033,0.23,98
"392","LB23","A","USG 3118","1004","14","LB23:1004",5,101.62,1.92,0.022,0.23,98
"393","LB23","B","USG 3118","1005","14","LB23:1005",8,145.5,2.75,0.032,0.23,98
"394","LB23","B","SY 547","1006","16","LB23:1006",5,115.67,2.18,0.025,0.5,96
"395","LB23","B","DG Shirley","1007","15","LB23:1007",8,158.5,2.99,0.034,0.5,96
"396","LB23","B","Agrimaxx 492","1008","17","LB23:1008",12,323,6.09,0.07,0.32,72
"397","AL24","A","Jamestown","113","8","AL24:113",35,989.5,14.55,0.133,0.41,74
"398","AL24","A","AGS 2024","114","5","AL24:114",27,610.8,8.98,0.082,0.17,87
"399","AL24","A","SY Richie","115","6","AL24:115",19,599.05,8.81,0.081,0.28,76
"400","AL24","A","CP9606","116","9","AL24:116",22,539.05,7.93,0.073,0.65,84
"401","AL24","A","TURBO","117","10","AL24:117",22,535.55,7.88,0.072,0.33,88
"402","AL24","A","Agrimaxx 513","118","3","AL24:118",17,393.25,5.78,0.053,0.33,88
"403","AL24","A","DG 9070","213","2","AL24:213",21,551.5,8.11,0.074,0.22,83
"404","AL24","A","SH 7200","214","7","AL24:214",17,399.9,5.88,0.054,0.22,83
"405","AL24","A","DG 9701","215","4","AL24:215",27,590.85,8.69,0.08,0.33,88
"406","AL24","A","Hilliard","216","11","AL24:216",20,461.15,6.78,0.062,0.48,94
"407","AL24","A","DG 9120","217","1","AL24:217",22,608.12,8.94,0.082,0.39,78
"408","AL24","A","SH 4400","218","12","AL24:218",17,453.35,6.67,0.061,0.39,78
"409","AL24","B","SH 4400","313","12","AL24:313",19,458.25,6.74,0.062,0.28,76
"410","AL24","B","TURBO","314","10","AL24:314",24,632.5,9.3,0.085,0.22,83
"411","AL24","B","Agrimaxx 513","315","3","AL24:315",19,441.8,6.5,0.06,0.65,84
"412","AL24","B","DG 9701","316","4","AL24:316",26,604.25,8.89,0.082,0.65,84
"413","AL24","B","SY Richie","317","6","AL24:317",24,645.85,9.5,0.087,0.41,74
"414","AL24","B","Hilliard","318","11","AL24:318",18,411.55,6.05,0.056,0.5,96
"415","AL24","B","CP9606","413","9","AL24:413",24,520.45,7.65,0.07,0.28,76
"416","AL24","B","Jamestown","414","8","AL24:414",33,882.85,12.98,0.119,0.58,76
"417","AL24","B","DG 9070","415","2","AL24:415",24,539.35,7.93,0.073,0.55,91
"418","AL24","B","SH 7200","416","7","AL24:416",20,466.9,6.87,0.063,0.2,90
"419","AL24","B","DG 9120","417","1","AL24:417",25,564.25,8.3,0.076,0.28,76
"420","AL24","B","AGS 2024","418","5","AL24:418",22,442.75,6.51,0.06,0.5,96
"421","AL24","B","USG 3118","3120","14","AL24:3120",24,544.5,8.01,0.073,0.48,94
"422","AL24","B","Agrimaxx 492","4080","17","AL24:4080",35,934.05,13.74,0.126,0.33,81
"423","AL24","B","SY 547","4100","16","AL24:4100",22,524.05,7.71,0.071,0.65,84
"424","AL24","B","DG Shirley","4110","15","AL24:4110",20,545.6,8.02,0.074,0.55,91
"425","AL24","A","Agrimaxx 492","5070","17","AL24:5070",33,926.3,13.62,0.125,0.33,81
"426","AL24","A","SY 547","5110","16","AL24:5110",22,475.05,6.99,0.064,0.33,88
"427","AL24","A","USG 3118","6070","14","AL24:6070",20,442.15,6.5,0.06,0.48,94
"428","AL24","A","DG Shirley","6110","15","AL24:6110",20,498.5,7.33,0.067,0.48,94
"429","BE24","A","TURBO","113","10","BE24:113",7,172.82,2.93,0.031,0.53,93
"430","BE24","A","Agrimaxx 513","114","3","BE24:114",2,44.25,0.75,0.008,0.16,109
"431","BE24","A","DG 9120","115","1","BE24:115",3,88.12,1.49,0.016,0.12,92
"432","BE24","A","DG 9701","116","4","BE24:116",3.5,97.46,1.65,0.018,0.21,94
"433","BE24","A","LW2068","117","9","BE24:117",2,44.25,0.75,0.008,0.16,109
"434","BE24","A","SH 4400","118","12","BE24:118",4,70.7,1.2,0.013,0.21,103
"435","BE24","A","Hilliard","213","11","BE24:213",2,66.25,1.12,0.012,0.09,114
"436","BE24","A","SY Richie","214","6","BE24:214",5,137.38,2.33,0.025,0.49,90
"437","BE24","A","AGS 2024","215","5","BE24:215",5,142.48,2.41,0.026,0.49,90
"438","BE24","A","DG 9070","216","2","BE24:216",1.5,44.21,0.75,0.008,0.09,114
"439","BE24","A","SH 7200","217","7","BE24:217",4.5,132.39,2.24,0.024,0.26,98
"440","BE24","A","USG 3230","218","8","BE24:218",3,76.22,1.29,0.014,0.24,107
"441","BE24","B","DG 9701","313","4","BE24:313",2.7,64.46,1.09,0.012,0.16,104
"442","BE24","B","Hilliard","314","11","BE24:314",4,116.25,1.97,0.021,0.2,100
"443","BE24","B","TURBO","315","10","BE24:315",6,162.55,2.76,0.029,0.53,93
"444","BE24","B","AGS 2024","316","5","BE24:316",5,149.48,2.53,0.027,0.53,93
"445","BE24","B","DG 9120","317","1","BE24:317",4,105.85,1.79,0.019,0.12,95
"446","BE24","B","Agrimaxx 513","318","3","BE24:318",1.5,34.16,0.58,0.006,0.09,114
"447","BE24","B","SH 4400","413","12","BE24:413",3,59.02,1,0.011,0.16,109
"448","BE24","B","LW2068","414","9","BE24:414",2,47.35,0.8,0.009,0.09,114
"449","BE24","B","SH 7200","415","7","BE24:415",5,142.48,2.41,0.026,0.53,93
"450","BE24","B","SY Richie","416","6","BE24:416",5.5,171.66,2.91,0.031,0.53,93
"451","BE24","B","DG 9070","417","2","BE24:417",2,67,1.14,0.012,0.16,104
"452","BE24","B","USG 3230","418","8","BE24:418",3,55.77,0.95,0.01,0.17,114
"453","BE24","B","SY 547","3070","16","BE24:3070",3,81.78,1.39,0.015,0.24,107
"454","BE24","B","USG 3118","3090","14","BE24:3090",5,113.38,1.92,0.02,0.45,103
"455","BE24","B","DG Shirley","3100","15","BE24:3100",3,71.12,1.21,0.013,0.24,107
"456","BE24","B","Agrimaxx 492","4070","17","BE24:4070",7,205.12,3.48,0.037,0.21,94
"457","BE24","A","SY 547","5070","16","BE24:5070",3,83.97,1.42,0.015,0.09,114
"458","BE24","A","USG 3118","5110","14","BE24:5110",6,139.6,2.37,0.025,0.26,98
"459","BE24","A","Agrimaxx 492","6070","17","BE24:6070",6.5,165.94,2.81,0.03,0.49,90
"460","BE24","A","DG Shirley","6120","15","BE24:6120",4.5,91.19,1.55,0.016,0.45,103
"461","KS24","A","AGS 2024","113","5","KS24:113",9,190.93,3.6,0.037,0.34,94
"462","KS24","A","Agrimaxx 513","114","3","KS24:114",7,189.78,3.58,0.037,0.34,94
"463","KS24","A","CP9606","115","9","KS24:115",9,267.92,5.06,0.052,0.34,94
"464","KS24","A","SY Richie","116","6","KS24:116",10,248.15,4.68,0.048,0.46,91
"465","KS24","A","DG 9701","117","4","KS24:117",8,201.9,3.81,0.039,0.24,91
"466","KS24","A","DG 9120","118","1","KS24:118",6,226.65,4.28,0.044,0.54,87
"467","KS24","A","SH 4400","213","12","KS24:213",5,122.12,2.3,0.024,0.34,94
"468","KS24","A","Jamestown","214","8","KS24:214",15,407.08,7.68,0.079,0.61,89
"469","KS24","A","Hilliard","215","11","KS24:215",10,266.25,5.02,0.052,0.46,91
"470","KS24","A","SH 7200","216","7","KS24:216",8,189,3.57,0.037,0.34,94
"471","KS24","A","TURBO","217","10","KS24:217",8,220,4.15,0.043,0.18,92
"472","KS24","A","DG 9070","218","2","KS24:218",8,230.5,4.35,0.045,0.18,92
"473","KS24","B","SY Richie","313","6","KS24:313",15,346.88,6.54,0.067,0.46,91
"474","KS24","B","DG 9701","314","4","KS24:314",8,233.2,4.4,0.045,0.27,83
"475","KS24","B","AGS 2024","315","5","KS24:315",7,148.98,2.81,0.029,0.34,94
"476","KS24","B","Jamestown","316","8","KS24:316",13,341.12,6.44,0.066,0.46,91
"477","KS24","B","DG 9120","317","1","KS24:317",10,290.05,5.47,0.056,0.56,85
"478","KS24","B","SH 7200","318","7","KS24:318",10,237.05,4.47,0.046,0.34,94
"479","KS24","B","CP9606","413","9","KS24:413",6,269.55,5.09,0.052,0.24,91
"480","KS24","B","Hilliard","414","11","KS24:414",12,327.6,6.18,0.064,0.46,91
"481","KS24","B","DG 9070","415","2","KS24:415",8,211.6,3.99,0.041,0.24,91
"482","KS24","B","TURBO","416","10","KS24:416",8,194.8,3.68,0.038,0.34,94
"483","KS24","B","SH 4400","417","12","KS24:417",7,162.98,3.07,0.032,0.24,91
"484","KS24","B","Agrimaxx 513","418","3","KS24:418",8.5,194.51,3.67,0.038,0.46,91
"485","KS24","A","DG Shirley","3120","15","KS24:3120",12,259,4.89,0.05,0.52,97
"486","KS24","A","Agrimaxx 492","4070","17","KS24:4070",17,405.62,7.65,0.079,0.27,83
"487","KS24","A","USG 3118","4100","14","KS24:4100",10,208.45,3.93,0.041,0.22,103
"488","KS24","A","SY 547","4120","16","KS24:4120",12,258.7,4.88,0.05,0.54,95
"489","KS24","B","Agrimaxx 492","5090","17","KS24:5090",15,293.88,5.54,0.057,0.17,96
"490","KS24","B","DG Shirley","5100","15","KS24:5100",8,210.2,3.97,0.041,0.54,95
"491","KS24","B","USG 3118","5110","14","KS24:5110",6,203.75,3.84,0.04,0.54,95
"492","KS24","B","SY 547","6090","16","KS24:6090",6,203.75,3.84,0.04,0.31,99
"493","LB24","A","DG 9070","113","2","LB24:113",12,310.6,4.93,0.049,0.25,89
"494","LB24","A","SY Richie","114","6","LB24:114",15,367.05,5.83,0.058,0.19,88
"495","LB24","A","SH 4400","115","12","LB24:115",12,247.55,3.93,0.039,0.45,94
"496","LB24","A","AGS 2024","116","5","LB24:116",25,582,9.24,0.091,0.25,89
"497","LB24","A","DG 9701","117","4","LB24:117",20,432.2,6.86,0.068,0.5,91
"498","LB24","A","Jamestown","118","8","LB24:118",27,625.5,9.93,0.098,0.25,89
"499","LB24","A","DG 9120","213","1","LB24:213",12,274.1,4.35,0.043,0.55,85
"500","LB24","A","Agrimaxx 513","214","3","LB24:214",14,310.7,4.93,0.049,0.5,91
"501","LB24","A","CP9606","215","9","LB24:215",16,387.4,6.15,0.061,0.25,89
"502","LB24","A","TURBO","216","10","LB24:216",15,327.25,5.19,0.051,0.2,86
"503","LB24","A","SH 7200","217","7","LB24:217",10,235.25,3.73,0.037,0.53,96
"504","LB24","A","Hilliard","218","11","LB24:218",10,231.75,3.68,0.036,0.49,NA
"505","LB24","B","DG 9070","313","2","LB24:313",14,338.45,5.37,0.053,0.55,85
"506","LB24","B","TURBO","314","10","LB24:314",20,402.75,6.39,0.063,0.45,94
"507","LB24","B","SH 7200","315","7","LB24:315",11,296.4,4.7,0.047,0.25,89
"508","LB24","B","Agrimaxx 513","316","3","LB24:316",12,295.05,4.68,0.046,0.19,96
"509","LB24","B","Jamestown","317","8","LB24:317",27,661.1,10.49,0.104,0.25,89
"510","LB24","B","SY Richie","318","6","LB24:318",15,369.25,5.86,0.058,0.25,89
"511","LB24","B","DG 9120","413","1","LB24:413",12,323.5,5.13,0.051,0.59,79
"512","LB24","B","CP9606","414","9","LB24:414",17,445.1,7.07,0.07,0.57,88
"513","LB24","B","DG 9701","415","4","LB24:415",20,470.5,7.47,0.074,0.34,85
"514","LB24","B","AGS 2024","416","5","LB24:416",20,462.45,7.34,0.073,0.22,94
"515","LB24","B","SH 4400","417","12","LB24:417",10,223.95,3.55,0.035,0.45,94
"516","LB24","B","Hilliard","418","11","LB24:418",10,206.75,3.28,0.032,0.53,96
"517","LB24","A","Agrimaxx 492","1090","17","LB24:1090",30,688,10.92,0.108,0.59,79
"518","LB24","A","USG 3118","1110","14","LB24:1110",15,360.4,5.72,0.057,0.45,94
"519","LB24","A","DG Shirley","2100","15","LB24:2100",20,353.1,5.6,0.055,0.25,89
"520","LB24","A","SY 547","2110","16","LB24:2110",12,215.55,3.42,0.034,0.34,98
"521","LB24","B","SY 547","3100","16","LB24:3100",10,194.35,3.08,0.031,0.45,94
"522","LB24","B","Agrimaxx 492","3120","17","LB24:3120",27,655.35,10.4,0.103,0.59,79
"523","LB24","B","USG 3118","4070","14","LB24:4070",14,356.2,5.65,0.056,0.28,82
"524","LB24","B","DG Shirley","4110","15","LB24:4110",17,289.35,4.59,0.045,0.53,96
"525","RO24","A","CP9606","113","9","RO24:113",4,114.95,1.88,0.02,0.15,103
"526","RO24","A","TURBO","114","10","RO24:114",5,147.52,2.42,0.026,0.15,103
"527","RO24","A","Jamestown","115","8","RO24:115",8,251.5,4.12,0.044,0.52,86
"528","RO24","A","SY Richie","116","6","RO24:116",5.5,167.69,2.75,0.03,0.56,89
"529","RO24","A","Agrimaxx 513","117","3","RO24:117",3,70.03,1.15,0.012,0.15,108
"530","RO24","A","DG 9070","118","2","RO24:118",2,71.35,1.17,0.013,0.1,107
"531","RO24","A","DG 9701","213","4","RO24:213",3.5,119.49,1.96,0.021,0.2,97
"532","RO24","A","SH 4400","214","12","RO24:214",5,144.43,2.37,0.025,0.15,103
"533","RO24","A","SH 7200","215","7","RO24:215",2.5,77.61,1.27,0.014,0.37,100
"534","RO24","A","Hilliard","216","11","RO24:216",2,59,0.97,0.01,0.1,111
"535","RO24","A","DG 9120","217","1","RO24:217",4.5,165.96,2.72,0.029,0.54,89
"536","RO24","A","AGS 2024","218","5","RO24:218",2,59,0.97,0.01,0.14,115
"537","RO24","B","Hilliard","313","11","RO24:313",1.9,61.14,1,0.011,0.21,105
"538","RO24","B","Jamestown","314","8","RO24:314",6.5,211.06,3.46,0.037,0.56,89
"539","RO24","B","SH 7200","315","7","RO24:315",3,96.22,1.58,0.017,0.1,107
"540","RO24","B","Agrimaxx 513","316","3","RO24:316",4,84.7,1.39,0.015,0.47,107
"541","RO24","B","TURBO","317","10","RO24:317",5,159.88,2.62,0.028,0.54,89
"542","RO24","B","DG 9701","318","4","RO24:318",4,138.1,2.26,0.024,0.21,91
"543","RO24","B","SY Richie","413","6","RO24:413",4,127.3,2.09,0.022,0.56,89
"544","RO24","B","SH 4400","414","12","RO24:414",5,151.22,2.48,0.027,0.56,89
"545","RO24","B","DG 9120","415","1","RO24:415",6.2,223.38,3.66,0.039,0.52,86
"546","RO24","B","AGS 2024","416","5","RO24:416",2,55.3,0.91,0.01,0.21,105
"547","RO24","B","DG 9070","417","2","RO24:417",4,119.55,1.96,0.021,0.21,105
"548","RO24","B","CP9606","418","9","RO24:418",3.5,96.34,1.58,0.017,0.09,113
"549","RO24","A","SY 547","1110","16","RO24:1110",4,81,1.33,0.014,0.21,105
"550","RO24","A","DG Shirley","1120","15","RO24:1120",4,118,1.93,0.021,0.21,105
"551","RO24","A","USG 3118","2080","14","RO24:2080",5,115.12,1.89,0.02,0.42,104
"552","RO24","A","Agrimaxx 492","4100","17","RO24:4100",8,251.45,4.12,0.044,0.56,89
"553","RO24","B","SY 547","5080","16","RO24:5080",3.5,96.34,1.58,0.017,0.2,97
"554","RO24","B","DG Shirley","5090","15","RO24:5090",5,115.12,1.89,0.02,0.21,105
"555","RO24","B","USG 3118","6100","14","RO24:6100",4.5,125.81,2.06,0.022,0.42,104
"556","RO24","B","Agrimaxx 492","6120","17","RO24:6120",8.7,277.84,4.55,0.049,0.52,86
"557","SB24","A","AGS 2024","113","5","SB24:113",16,357.55,5.18,0.047,0.23,106
"558","SB24","A","DG 9070","114","2","SB24:114",19,427.4,6.19,0.056,0.16,91
"559","SB24","A","SH 7200","115","7","SB24:115",22,481.15,6.97,0.063,0.18,103
"560","SB24","A","Hilliard","116","11","SB24:116",12,269,3.9,0.035,0.24,99
"561","SB24","A","Agrimaxx 513","117","3","SB24:117",19,425.4,6.17,0.056,0.31,88
"562","SB24","A","TURBO","118","10","SB24:118",12,280.9,4.07,0.037,0.52,99
"563","SB24","A","SY Richie","213","6","SB24:213",12,268.1,3.89,0.035,0.18,106
"564","SB24","A","DG 9120","214","1","SB24:214",22,540.6,7.83,0.071,0.2,80
"565","SB24","A","USG 3230","215","8","SB24:215",12,256.75,3.72,0.034,0.18,103
"566","SB24","A","SH 4400","216","12","SB24:216",12,281.65,4.08,0.037,0.49,94
"567","SB24","A","DG 9701","217","4","SB24:217",19,442.45,6.41,0.058,0.13,88
"568","SB24","A","LW2068","218","9","SB24:218",15,351,5.09,0.046,0.31,103
"569","SB24","B","Hilliard","313","11","SB24:313",11,225.25,3.26,0.03,0.23,106
"570","SB24","B","Agrimaxx 513","314","3","SB24:314",16,342.35,4.96,0.045,0.14,102
"571","SB24","B","SH 7200","315","7","SB24:315",19,414.1,6,0.055,0.18,103
"572","SB24","B","DG 9701","316","4","SB24:316",19,418.4,6.06,0.055,0.17,99
"573","SB24","B","SH 4400","317","12","SB24:317",11.5,262.7,3.81,0.035,0.58,85
"574","SB24","B","TURBO","318","10","SB24:318",14,334.3,4.84,0.044,0.52,99
"575","SB24","B","SY Richie","413","6","SB24:413",15,332.45,4.82,0.044,0.24,99
"576","SB24","B","DG 9070","414","2","SB24:414",19,408.45,5.92,0.054,0.2,93
"577","SB24","B","AGS 2024","415","5","SB24:415",17,341.25,4.95,0.045,0.45,112
"578","SB24","B","USG 3230","416","8","SB24:416",12,256.75,3.72,0.034,0.31,103
"579","SB24","B","DG 9120","417","1","SB24:417",18,493,7.14,0.065,0.4,70
"580","SB24","B","LW2068","418","9","SB24:418",17,397.8,5.77,0.052,0.2,93
"581","SB24","A","USG 3118","1090","14","SB24:1090",14,334.3,4.84,0.044,0.23,106
"582","SB24","A","Agrimaxx 492","1110","17","SB24:1110",22,576.05,8.35,0.076,0.17,87
"583","SB24","A","DG Shirley","2100","15","SB24:2100",12,316.2,4.58,0.042,0.52,99
"584","SB24","A","SY 547","2110","16","SB24:2110",14,323.75,4.69,0.043,0.47,109
"585","SB24","B","SY 547","3090","16","SB24:3090",15,348.8,5.06,0.046,0.31,103
"586","SB24","B","USG 3118","4070","14","SB24:4070",12,265.75,3.85,0.035,0.23,106
"587","SB24","B","DG Shirley","4100","15","SB24:4100",15,367.75,5.33,0.048,0.47,102
"588","SB24","B","Agrimaxx 492","4120","17","SB24:4120",23,626.2,9.08,0.083,0.65,73
